Label,Description
Economy and Jobs,"Trump's economic promises center around revitalizing the American economy through tax cuts, deregulation, and boosting domestic manufacturing. He emphasizes bringing jobs back to America, reducing inflation, and creating prosperity for workers. His economic vision focuses on energy independence as a driver of economic growth and includes specific policies like tax exemptions for tips, overtime, and Social Security benefits."
Border Security and Immigration,"Trump places significant emphasis on border security and immigration control, promising to reinstate previous policies and implement new measures to stop illegal immigration. He frequently connects immigration issues to crime, economic concerns, and national security, pledging to conduct large-scale deportations and complete the border wall."
Energy Policy,"Trump's energy platform focuses on achieving American energy independence through increased domestic production of oil, gas, and other traditional energy sources. He contrasts his approach with the Biden-Harris administration's green energy initiatives, promising to lower energy costs significantly by expanding drilling, pipeline development, and other fossil fuel infrastructure while ending mandates for electric vehicles."
Law and Order,"Trump's law and order platform emphasizes supporting police and law enforcement while taking a tough stance on crime. He promises legal protections for officers, opposes defunding police movements, and connects crime reduction to immigration control and drug trafficking prevention. His approach includes specific policies like the death penalty for certain offenses and naval blockades against drug cartels."
Education Reform,"Trump's education platform focuses on limiting federal influence in education while promoting parental rights and traditional values. He opposes diversity, equity, and inclusion programs, critical race theory, and transgender policies in schools. His approach includes cutting federal funding for schools that promote these concepts and supporting school choice initiatives to give parents more control over their children's education."
Fighting Wasteful Government Spending,"Trump's platform against wasteful government spending centers on reducing the size and scope of federal bureaucracy while improving fiscal efficiency. He aims to cut regulations, reduce inflation-driving spending, and restructure government programs to prioritize American citizens over foreign interests. This approach is presented as key to economic recovery and reducing national debt."
Military and National Defense,"Trump's military and defense platform emphasizes strengthening American military power to ensure global peace through deterrence. He promises to build sophisticated defense systems, modernize military capabilities, and maintain technological superiority. His approach connects military strength to preventing international conflicts and protecting American interests abroad."
Foreign Policy,"Trump's foreign policy platform emphasizes American interests first, with a focus on ending existing conflicts and preventing new wars. He promises to resolve the Russia-Ukraine conflict, support Israel, and maintain American global leadership through strength rather than military interventions. His approach includes renegotiating international agreements and demanding more balanced contributions from allies."
Election Integrity,"Trump's election integrity platform focuses on implementing specific voting procedures and requirements to address what he perceives as vulnerabilities in the current system. He advocates for in-person voting on a single day, paper ballots, voter identification requirements, and proof of citizenship for voter registration, presenting these measures as essential to ensuring fair and honest elections."
Healthcare and Social Security,"Trump's healthcare and Social Security platform focuses on protecting benefits for American citizens while preventing access for unauthorized immigrants. He promises to preserve Medicare and Social Security without cuts, eliminate taxes on Social Security benefits, and address healthcare costs. His approach includes improving care for veterans and building healthcare infrastructure in underserved areas."
Constitutional Rights and Freedoms,"Trump's platform on constitutional rights emphasizes protecting specific freedoms, particularly the Second Amendment right to bear arms and free speech. He positions himself as a defender against perceived threats to these rights from the current administration and promises to restore and preserve constitutional protections that he claims are under attack."